{"cameraMode":{"drawMode":0,"name":"Shaded","section":"Shading Mode"},"sceneLighting":false,"audioPlay":false,"sceneViewState":{"m_AlwaysRefresh":false,"showFog":true,"showSkybox":false,"showFlares":true,"showImageEffects":true,"showParticleSystems":true,"showVisualEffectGraphs":true,"m_FxEnabled":true},"in2DMode":false,"pivot":{"x":2.2022645473480226,"y":1.7629868984222413,"z":0.6701460480690002},"rotation":{"x":0.017433052882552148,"y":0.6477504372596741,"z":-0.014701694250106812,"w":0.7612934112548828},"size":3.3183135986328127,"orthographic":false}