{"cameraMode":{"drawMode":0,"name":"Shaded","section":"Shading Mode"},"sceneLighting":false,"audioPlay":false,"sceneViewState":{"m_AlwaysRefresh":false,"showFog":true,"showSkybox":false,"showFlares":true,"showImageEffects":true,"showParticleSystems":true,"showVisualEffectGraphs":true,"m_FxEnabled":true},"in2DMode":false,"pivot":{"x":0.263561487197876,"y":2.6433238983154299,"z":1.0607774257659913},"rotation":{"x":0.2277395874261856,"y":0.00009483574103796855,"z":0.00047775573330000043,"w":0.9734803438186646},"size":5.794744491577148,"orthographic":false}