{"cameraMode":{"drawMode":0,"name":"Shaded","section":"Shading Mode"},"sceneLighting":false,"audioPlay":false,"sceneViewState":{"m_AlwaysRefresh":false,"showFog":true,"showSkybox":false,"showFlares":true,"showImageEffects":true,"showParticleSystems":true,"showVisualEffectGraphs":true,"m_FxEnabled":true},"in2DMode":false,"pivot":{"x":38.938499450683597,"y":-4.733741760253906,"z":20.687219619750978},"rotation":{"x":0.5418950915336609,"y":0.006051070988178253,"z":-0.0039022245910018684,"w":0.8404257893562317},"size":32.284400939941409,"orthographic":false}