{"cameraMode":{"drawMode":0,"name":"Shaded","section":"Shading Mode"},"sceneLighting":false,"audioPlay":false,"sceneViewState":{"m_AlwaysRefresh":false,"showFog":true,"showSkybox":false,"showFlares":true,"showImageEffects":true,"showParticleSystems":true,"showVisualEffectGraphs":true,"m_FxEnabled":true},"in2DMode":false,"pivot":{"x":7.0974040031433109,"y":-0.9415850639343262,"z":8.14984130859375},"rotation":{"x":0.6072709560394287,"y":0.007643831893801689,"z":-0.004792744293808937,"w":0.7941707372665405},"size":13.155166625976563,"orthographic":false}