{"cameraMode":{"drawMode":0,"name":"Shaded","section":"Shading Mode"},"sceneLighting":false,"audioPlay":false,"sceneViewState":{"m_AlwaysRefresh":false,"showFog":true,"showSkybox":false,"showFlares":true,"showImageEffects":true,"showParticleSystems":true,"showVisualEffectGraphs":true,"m_FxEnabled":true},"in2DMode":false,"pivot":{"x":6.149216175079346,"y":1.601905345916748,"z":9.952994346618653},"rotation":{"x":0.31436535716056826,"y":-0.0014235895359888673,"z":0.0004922572989016771,"w":0.9492358565330505},"size":20.966127395629884,"orthographic":false}