{"cameraMode":{"drawMode":0,"name":"Shaded","section":"Shading Mode"},"sceneLighting":false,"audioPlay":false,"sceneViewState":{"m_AlwaysRefresh":false,"showFog":true,"showSkybox":false,"showFlares":true,"showImageEffects":true,"showParticleSystems":true,"showVisualEffectGraphs":true,"m_FxEnabled":true},"in2DMode":false,"pivot":{"x":23.76759147644043,"y":2.30531644821167,"z":18.518653869628908},"rotation":{"x":0.4417037069797516,"y":-0.004036758095026016,"z":0.0019882069900631906,"w":0.8971506357192993},"size":32.54444885253906,"orthographic":false}