{"cameraMode":{"drawMode":0,"name":"Shaded","section":"Shading Mode"},"sceneLighting":false,"audioPlay":false,"sceneViewState":{"m_AlwaysRefresh":false,"showFog":true,"showSkybox":false,"showFlares":true,"showImageEffects":true,"showParticleSystems":true,"showVisualEffectGraphs":true,"m_FxEnabled":true},"in2DMode":false,"pivot":{"x":65.74850463867188,"y":-6.967510223388672,"z":23.10672378540039},"rotation":{"x":0.6305186748504639,"y":-0.0025661711115390064,"z":0.002069582464173436,"w":0.7762061357498169},"size":39.21693420410156,"orthographic":false}