{"cameraMode":{"drawMode":0,"name":"Shaded","section":"Shading Mode"},"sceneLighting":false,"audioPlay":false,"sceneViewState":{"m_AlwaysRefresh":false,"showFog":true,"showSkybox":false,"showFlares":true,"showImageEffects":true,"showParticleSystems":true,"showVisualEffectGraphs":true,"m_FxEnabled":true},"in2DMode":false,"pivot":{"x":-0.6698613166809082,"y":1.3705589771270753,"z":0.8945121169090271},"rotation":{"x":0.22018428146839143,"y":-0.04375859349966049,"z":0.010470281355082989,"w":0.9741790294647217},"size":5.077914714813232,"orthographic":false}