{"cameraMode":{"drawMode":0,"name":"Shaded","section":"Shading Mode"},"sceneLighting":false,"audioPlay":false,"sceneViewState":{"m_AlwaysRefresh":false,"showFog":true,"showSkybox":false,"showFlares":true,"showImageEffects":true,"showParticleSystems":true,"showVisualEffectGraphs":true,"m_FxEnabled":true},"in2DMode":false,"pivot":{"x":3.410262107849121,"y":-0.2886684536933899,"z":-0.28645560145378115},"rotation":{"x":0.2479388415813446,"y":-0.11156058311462403,"z":0.028877543285489084,"w":0.9617814421653748},"size":4.67645788192749,"orthographic":false}