{"cameraMode":{"drawMode":0,"name":"Shaded","section":"Shading Mode"},"sceneLighting":false,"audioPlay":false,"sceneViewState":{"m_AlwaysRefresh":false,"showFog":true,"showSkybox":false,"showFlares":true,"showImageEffects":true,"showParticleSystems":true,"showVisualEffectGraphs":true,"m_FxEnabled":true},"in2DMode":false,"pivot":{"x":1.8500030040740967,"y":1.1554100513458253,"z":-1.4183117151260377},"rotation":{"x":-0.014757674187421799,"y":-0.9289941787719727,"z":0.36762067675590517,"w":-0.037385404109954837},"size":8.522480010986329,"orthographic":false}