{"cameraMode":{"drawMode":0,"name":"Shaded","section":"Shading Mode"},"sceneLighting":false,"audioPlay":false,"sceneViewState":{"m_AlwaysRefresh":false,"showFog":true,"showSkybox":false,"showFlares":true,"showImageEffects":true,"showParticleSystems":true,"showVisualEffectGraphs":true,"m_FxEnabled":true},"in2DMode":false,"pivot":{"x":0.14589810371398927,"y":0.8707132339477539,"z":-1.44839346408844},"rotation":{"x":0.001387231983244419,"y":-0.9581875801086426,"z":0.28573620319366457,"w":0.004586471244692802},"size":5.794744491577148,"orthographic":false}