{"cameraMode":{"drawMode":0,"name":"Shaded","section":"Shading Mode"},"sceneLighting":false,"audioPlay":false,"sceneViewState":{"m_AlwaysRefresh":false,"showFog":true,"showSkybox":false,"showFlares":true,"showImageEffects":true,"showParticleSystems":true,"showVisualEffectGraphs":true,"m_FxEnabled":true},"in2DMode":false,"pivot":{"x":3.807982921600342,"y":6.063714981079102,"z":2.8380045890808107},"rotation":{"x":-0.006316963583230972,"y":-0.9919748306274414,"z":0.056921955198049548,"w":-0.11178314685821533},"size":6.324347972869873,"orthographic":false}