{"cameraMode":{"drawMode":0,"name":"Shaded","section":"Shading Mode"},"sceneLighting":false,"audioPlay":false,"sceneViewState":{"m_AlwaysRefresh":false,"showFog":true,"showSkybox":false,"showFlares":true,"showImageEffects":true,"showParticleSystems":true,"showVisualEffectGraphs":true,"m_FxEnabled":true},"in2DMode":false,"pivot":{"x":-0.026301009580492975,"y":0.5264496803283691,"z":0.04002437740564346},"rotation":{"x":0.5065845251083374,"y":-0.007707057986408472,"z":0.004660466685891151,"w":0.8620107173919678},"size":4.449759483337402,"orthographic":false}