{"cameraMode":{"drawMode":0,"name":"Shaded","section":"Shading Mode"},"sceneLighting":false,"audioPlay":false,"sceneViewState":{"m_AlwaysRefresh":false,"showFog":true,"showSkybox":false,"showFlares":true,"showImageEffects":true,"showParticleSystems":true,"showVisualEffectGraphs":true,"m_FxEnabled":true},"in2DMode":false,"pivot":{"x":0.7547369003295898,"y":-1.844710350036621,"z":0.07855425029993057},"rotation":{"x":0.3882067799568176,"y":0.049724433571100238,"z":-0.02097615785896778,"w":0.9199658632278442},"size":5.621728420257568,"orthographic":false}