{"cameraMode":{"drawMode":0,"name":"Shaded","section":"Shading Mode"},"sceneLighting":false,"audioPlay":false,"sceneViewState":{"m_AlwaysRefresh":false,"showFog":true,"showSkybox":false,"showFlares":true,"showImageEffects":true,"showParticleSystems":true,"showVisualEffectGraphs":true,"m_FxEnabled":true},"in2DMode":false,"pivot":{"x":0.8273420929908752,"y":1.2952163219451905,"z":0.9801064133644104},"rotation":{"x":-0.043139684945344928,"y":0.9414488673210144,"z":-0.30707767605781557,"w":-0.1318642944097519},"size":4.256831645965576,"orthographic":false}